Id,Name,Phone,Email,Country
1,Colton Kelly,(031624) 766334,gravida.molestie.arcu@google.edu,Germany
2,Veronica Holland,(038837) 755021,morbi.vehicula@hotmail.edu,New Zealand
3,Fletcher Powers,(0189) 23592503,sociis.natoque.penatibus@hotmail.couk,Indonesia
4,Alvin Yates,(085) 64442181,nonummy.fusce@hotmail.couk,Indonesia
5,Aretha Wolf,(039840) 668574,volutpat@icloud.ca,Nigeria
6,Ora Garner,(001) 34319814,enim.suspendisse@outlook.org,Germany
7,Curran Park,(061) 94930820,suspendisse.commodo.tincidunt@aol.edu,Russian Federation
8,Garrett Hicks,(02657) 3615846,nam.ac@yahoo.org,Brazil
9,Yuri Moon,(04126) 7196785,quisque.tincidunt@protonmail.net,Belgium
10,Victor Huff,(054) 52162364,dolor.dapibus.gravida@google.net,Pakistan
11,Knox Patrick,(001) 86286507,mollis.nec@hotmail.org,France
12,Alfonso Lane,(032878) 745773,dui.fusce.diam@protonmail.edu,Philippines
13,Christian Juarez,(0111) 77356156,euismod@aol.org,Belgium
14,Hayfa Ramirez,(076) 93464614,turpis.egestas@google.edu,Ukraine
15,Oren Riley,(0971) 38128684,erat.neque.non@yahoo.org,Indonesia
16,Oren Salas,(0669) 77554396,parturient.montes@aol.org,Germany
17,Eagan Kinney,(030589) 271040,integer@icloud.org,Germany
18,Isaac Park,(06362) 9837251,donec@hotmail.com,Nigeria
19,Brianna Horne,(035638) 957567,lorem.ipsum@protonmail.net,France
20,Phyllis Bryan,(0217) 91861793,enim.gravida@hotmail.couk,Mexico
21,Slade Ratliff,(035735) 923541,aenean.gravida@yahoo.ca,Spain
22,Brynne Church,(010) 69314574,ante@outlook.org,Turkey
23,Daria Espinoza,(0442) 17151267,sem.nulla@icloud.ca,Nigeria
24,Declan Golden,(0757) 33095475,nisl.arcu@outlook.couk,Pakistan
25,Aquila Ross,(036305) 762323,nam@yahoo.org,China
26,Teagan David,(033368) 689490,enim.sit.amet@protonmail.edu,Spain
27,Xyla Robles,(038) 17773826,luctus.lobortis.class@outlook.net,United States
28,Fredericka Phelps,(067) 78871052,adipiscing@hotmail.com,United States
29,Brett Waters,(031214) 128321,ut@aol.edu,Indonesia
30,Kyra Gutierrez,(0017) 28767526,suspendisse@google.couk,Colombia
31,Arden Stanley,(0679) 76788240,malesuada.vel@icloud.couk,United States
32,Hiram Bolton,(036459) 854147,mauris.blandit.enim@aol.couk,Philippines
33,Hillary Blanchard,(038711) 330322,nibh.donec@aol.ca,Norway
34,Xaviera Hood,(02623) 2425283,amet.dapibus.id@icloud.com,United Kingdom
35,Hollee Bowman,(0532) 28050185,proin.ultrices.duis@yahoo.net,Vietnam
36,Mannix Gonzales,(058) 12517456,eu@google.org,Vietnam
37,Marsden Pittman,(056) 62644424,in@icloud.ca,Chile
38,Glenna Cabrera,(004) 51672496,tempor@hotmail.ca,Mexico
39,Naomi Sargent,(037175) 987787,felis.eget.varius@hotmail.org,Australia
40,Anastasia Jenkins,(0212) 08355135,gravida.sit@hotmail.net,Indonesia
41,Jameson King,(0484) 66086353,lacus.ut@google.com,Ukraine
42,Naomi Simon,(035166) 147346,donec.est@yahoo.ca,Colombia
43,Honorato Francis,(07280) 3826649,aliquet@google.net,Canada
44,Urielle Dickerson,(0154) 85822586,vitae@yahoo.com,Pakistan
45,Kevyn Sanchez,(047) 95576712,euismod.et@protonmail.edu,United States
46,Carla Wong,(055) 60785005,eget.mollis.lectus@outlook.couk,Sweden
47,Brynne Frost,(037371) 754447,cras.lorem@hotmail.ca,Chile
48,Dalton Torres,(02374) 1726266,lorem.sit@yahoo.ca,China
49,Halee Faulkner,(0285) 56634228,commodo.at.libero@protonmail.net,Austria
50,Heidi Valencia,(01888) 4023754,donec.tempor@aol.net,Italy
